Workbook
Name creator_rate: creator_rate!$A$1:$D$41
Name cpe: cpe!$A$1:$E$10
Name rate_card: creator_rate!$A$1:$D$13
Name media_tier: media_tier!$A$1:$E$7

Sheet sample
A1: Must fill-in
A2: Automatic formula
A4: CAMPAIGN NAME | C4: RAY-BAN X JEFF SATUR
A5: TEV | C5: INV | E5: ROIM | G5: Media Echo Value | I5: Creator Echo Value | K5: Community Echo Value
A6: =sum(G6,I6,K6) -> 31076575 | C6: 100000000 | E6: =A6/C6 -> 0.31076575 | G6: =sum(G29:G35) -> 14610000 | I6: =sum(I61,I75,I89,I103,I117) -> 16380800 | K6: =sum(K121:K129) -> 85775
A8: CREATOR PROFILE
A10: Creator Name | C10: Jeff Satur
A11: Creator Account | C11: # Followers (thousand) | E11: # Followers (million) | G11: Followers Tier
A12: Facebook | C12: 181 | E12: =C12/1000 -> 0.181 | G12: =IF(C12*1000>=1000000,"Mega", IF(C12*1000>=500000,"Macro", IF(C12*1000>=100000,"Mid-tier", IF(C12*1000>=10000,"Micro", "Nano")))) -> Mid-tier
A14: Instagram | C14: 5600 | E14: =C14/1000 -> 5.6 | G14: =IF(C14*1000>=1000000,"Mega", IF(C14*1000>=500000,"Macro", IF(C14*1000>=100000,"Mid-tier", IF(C14*1000>=10000,"Micro", "Nano")))) -> Mega
A16: TikTok | C16: 3200 | E16: =C16/1000 -> 3.2 | G16: =IF(C16*1000>=1000000,"Mega", IF(C16*1000>=500000,"Macro", IF(C16*1000>=100000,"Mid-tier", IF(C16*1000>=10000,"Micro", "Nano")))) -> Mega
A18: X (Twitter) | C18: 1200 | E18: =C18/1000 -> 1.2 | G18: =IF(C18*1000>=1000000,"Mega", IF(C18*1000>=500000,"Macro", IF(C18*1000>=100000,"Mid-tier", IF(C18*1000>=10000,"Micro", "Nano")))) -> Mega
A20: YouTube | C20: 2000 | E20: =C20/1000 -> 2 | G20: =IF(C20*1000>=1000000,"Mega", IF(C20*1000>=500000,"Macro", IF(C20*1000>=100000,"Mid-tier", IF(C20*1000>=10000,"Micro", "Nano")))) -> Mega
A22: Total Connections | C22: =SUM(C10:C20) -> 12181 | E22: =SUM(E10:E20) -> 12.181 | G22: =IF(C22*1000>=1000000,"Mega", IF(C22*1000>=500000,"Macro", IF(C22*1000>=100000,"Mid-tier", IF(C22*1000>=10000,"Micro", "Nano")))) -> Mega
A25: I. MEDIA ECHO
C26: Mentions/Posts | E26: Tier | G26: Value in ฿
A27: Online Article | C27: =sum(C29:C33) -> 331
A29: Major national media | C29: 181 | E29: =IFERROR(VLOOKUP(A29, media_tier!$B$1:$C$7, 2, FALSE), "Check the data again") -> 1 | G29: =IFERROR(__xludf.DUMMYFUNCTION("IFERROR( IF(A29=""# Online Articles"", C29 * VLOOKUP(E29, FILTER(media_tier!$C$2:$E$10, media_tier!$A$2:$A$10=""Online Article""), 3, FALSE), C29 * VLOOKUP(E29, FILTER(media_tier!$C$2:$E$10, media_tier!$A$2:$A$10=""Social Media""), 3, FALSE) ), ""Ch"&"eck the data again"")"),1.086E7) -> 10860000
A31: Industry-specific | C31: 100 | E31: =IFERROR(VLOOKUP(A31, media_tier!$B$1:$C$7, 2, FALSE), "Check the data again") -> 2 | G31: =IFERROR(__xludf.DUMMYFUNCTION("IFERROR( IF(A31=""# Online Articles"", C31 * VLOOKUP(E31, FILTER(media_tier!$C$2:$E$10, media_tier!$A$2:$A$10=""Online Article""), 3, FALSE), C31 * VLOOKUP(E31, FILTER(media_tier!$C$2:$E$10, media_tier!$A$2:$A$10=""Social Media""), 3, FALSE) ), ""Ch"&"eck the data again"")"),3000000.0) -> 3000000
A33: Local/niche | C33: 50 | E33: =IFERROR(VLOOKUP(A33, media_tier!$B$1:$C$7, 2, FALSE), "Check the data again") -> 3 | G33: =IFERROR(__xludf.DUMMYFUNCTION("IFERROR( IF(A33=""# Online Articles"", C33 * VLOOKUP(E33, FILTER(media_tier!$C$2:$E$10, media_tier!$A$2:$A$10=""Online Article""), 3, FALSE), C33 * VLOOKUP(E33, FILTER(media_tier!$C$2:$E$10, media_tier!$A$2:$A$10=""Social Media""), 3, FALSE) ), ""Ch"&"eck the data again"")"),750000.0) -> 750000
A35: Social Media | C35: =sum(C37:C41) -> 900
A37: 1 | C37: 200 | E37: =IFERROR(VLOOKUP(A37, media_tier!$B$1:$C$7, 2, FALSE), "Check the data again") -> 1 | G37: =IFERROR(__xludf.DUMMYFUNCTION("IFERROR( IF(A37=""# Online Articles"", C37 * VLOOKUP(E37, FILTER(media_tier!$C$2:$E$10, media_tier!$A$2:$A$10=""Online Article""), 3, FALSE), C37 * VLOOKUP(E37, FILTER(media_tier!$C$2:$E$10, media_tier!$A$2:$A$10=""Social Media""), 3, FALSE) ), ""Ch"&"eck the data again"")"),1.2E7) -> 12000000
A39: 2 | C39: 300 | E39: =IFERROR(VLOOKUP(A39, media_tier!$B$1:$C$7, 2, FALSE), "Check the data again") -> 2 | G39: =IFERROR(__xludf.DUMMYFUNCTION("IFERROR( IF(A39=""# Online Articles"", C39 * VLOOKUP(E39, FILTER(media_tier!$C$2:$E$10, media_tier!$A$2:$A$10=""Online Article""), 3, FALSE), C39 * VLOOKUP(E39, FILTER(media_tier!$C$2:$E$10, media_tier!$A$2:$A$10=""Social Media""), 3, FALSE) ), ""Ch"&"eck the data again"")"),9000000.0) -> 9000000
A41: 3 | C41: 400 | E41: =IFERROR(VLOOKUP(A41, media_tier!$B$1:$C$7, 2, FALSE), "Check the data again") -> 3 | G41: =IFERROR(__xludf.DUMMYFUNCTION("IFERROR( IF(A41=""# Online Articles"", C41 * VLOOKUP(E41, FILTER(media_tier!$C$2:$E$10, media_tier!$A$2:$A$10=""Online Article""), 3, FALSE), C41 * VLOOKUP(E41, FILTER(media_tier!$C$2:$E$10, media_tier!$A$2:$A$10=""Social Media""), 3, FALSE) ), ""Ch"&"eck the data again"")"),6000000.0) -> 6000000
A45: Total | C45: =C27+C35 -> 1231 | G45: =sum(G29:G41) -> 41610000
A48: II. CREATOR ECHO
A49: Tier | C49: Nano
A50: Platform | C50: Static/General Post | E50: Video Post | G50: Total Post | I50: Value in ฿
A51: Facebook | C51: 1 | E51: 6 | G51: =C51+E51 -> 7 | I51: {=IFNA( C51 * INDEX( creator_rate!$D$2:$D$99, MATCH( A51&"|"&$C$106&"|"&$C$49, creator_rate!$A$2:$A$99&"|"& creator_rate!$B$2:$B$99&"|"& creator_rate!$C$2:$C$99, 0 ) ), 0 ) + IFNA( E51 * INDEX( creator_rate!$D$2:$D$99, MATCH( A51&"|"&$E$106&"|"&$C$49, creator_rate!$A$2:$A$99&"|"& creator_rate!$B$2:$B$99&"|"& creator_rate!$C$2:$C$99, 0 ) ), 0 )} -> 65200
A53: Instagram | C53: 3 | E53: 2 | G53: =C53+E53 -> 5 | I53: {=IFNA( C53 * INDEX( creator_rate!$D$2:$D$99, MATCH( A53&"|"&$C$106&"|"&$C$49, creator_rate!$A$2:$A$99&"|"& creator_rate!$B$2:$B$99&"|"& creator_rate!$C$2:$C$99, 0 ) ), 0 ) + IFNA( E53 * INDEX( creator_rate!$D$2:$D$99, MATCH( A53&"|"&$E$106&"|"&$C$49, creator_rate!$A$2:$A$99&"|"& creator_rate!$B$2:$B$99&"|"& creator_rate!$C$2:$C$99, 0 ) ), 0 )} -> 42000
A55: TikTok | C55: 0 | E55: 5 | G55: =C55+E55 -> 5 | I55: {=IFNA( C55 * INDEX( creator_rate!$D$2:$D$99, MATCH( A55&"|"&$C$106&"|"&$C$49, creator_rate!$A$2:$A$99&"|"& creator_rate!$B$2:$B$99&"|"& creator_rate!$C$2:$C$99, 0 ) ), 0 ) + IFNA( E55 * INDEX( creator_rate!$D$2:$D$99, MATCH( A55&"|"&$E$106&"|"&$C$49, creator_rate!$A$2:$A$99&"|"& creator_rate!$B$2:$B$99&"|"& creator_rate!$C$2:$C$99, 0 ) ), 0 )} -> 48000
A57: X (Twitter) | C57: 10 | E57: 0 | G57: =C57+E57 -> 10 | I57: {=IFNA( C57 * INDEX( creator_rate!$D$2:$D$99, MATCH( A57&"|"&$C$106&"|"&$C$49, creator_rate!$A$2:$A$99&"|"& creator_rate!$B$2:$B$99&"|"& creator_rate!$C$2:$C$99, 0 ) ), 0 ) + IFNA( E57 * INDEX( creator_rate!$D$2:$D$99, MATCH( A57&"|"&$E$106&"|"&$C$49, creator_rate!$A$2:$A$99&"|"& creator_rate!$B$2:$B$99&"|"& creator_rate!$C$2:$C$99, 0 ) ), 0 )} -> 50000
A59: YouTube | C59: 0 | E59: 1 | G59: =C59+E59 -> 1 | I59: {=IFNA( C59 * INDEX( creator_rate!$D$2:$D$99, MATCH( A59&"|"&$C$106&"|"&$C$49, creator_rate!$A$2:$A$99&"|"& creator_rate!$B$2:$B$99&"|"& creator_rate!$C$2:$C$99, 0 ) ), 0 ) + IFNA( E59 * INDEX( creator_rate!$D$2:$D$99, MATCH( A59&"|"&$E$106&"|"&$C$49, creator_rate!$A$2:$A$99&"|"& creator_rate!$B$2:$B$99&"|"& creator_rate!$C$2:$C$99, 0 ) ), 0 )} -> 9600
A61: Total | C61: =sum(C51:C59) -> 14 | E61: =sum(E51:E59) -> 14 | G61: =sum(G51:G59) -> 28 | I61: =sum(I51:I59) -> 214800
A63: Tier | C63: Micro
A64: Platform | C64: Static/General Post | E64: Video Post | G64: Total Post | I64: Value in ฿
A65: Facebook | C65: 1 | E65: 6 | G65: =C65+E65 -> 7 | I65: {=IFNA( C65 * INDEX( creator_rate!$D$2:$D$99, MATCH( A65&"|"&$C$106&"|"&$C$63, creator_rate!$A$2:$A$99&"|"& creator_rate!$B$2:$B$99&"|"& creator_rate!$C$2:$C$99, 0 ) ), 0 ) + IFNA( E65 * INDEX( creator_rate!$D$2:$D$99, MATCH( A65&"|"&$E$106&"|"&$C$63, creator_rate!$A$2:$A$99&"|"& creator_rate!$B$2:$B$99&"|"& creator_rate!$C$2:$C$99, 0 ) ), 0 )} -> 505000
A67: Instagram | C67: 3 | E67: 2 | G67: =C67+E67 -> 5 | I67: {=IFNA( C67 * INDEX( creator_rate!$D$2:$D$99, MATCH( A67&"|"&$C$106&"|"&$C$63, creator_rate!$A$2:$A$99&"|"& creator_rate!$B$2:$B$99&"|"& creator_rate!$C$2:$C$99, 0 ) ), 0 ) + IFNA( E67 * INDEX( creator_rate!$D$2:$D$99, MATCH( A67&"|"&$E$106&"|"&$C$63, creator_rate!$A$2:$A$99&"|"& creator_rate!$B$2:$B$99&"|"& creator_rate!$C$2:$C$99, 0 ) ), 0 )} -> 299000
A69: TikTok | C69: 0 | E69: 5 | G69: =C69+E69 -> 5 | I69: {=IFNA( C69 * INDEX( creator_rate!$D$2:$D$99, MATCH( A69&"|"&$C$106&"|"&$C$63, creator_rate!$A$2:$A$99&"|"& creator_rate!$B$2:$B$99&"|"& creator_rate!$C$2:$C$99, 0 ) ), 0 ) + IFNA( E69 * INDEX( creator_rate!$D$2:$D$99, MATCH( A69&"|"&$E$106&"|"&$C$63, creator_rate!$A$2:$A$99&"|"& creator_rate!$B$2:$B$99&"|"& creator_rate!$C$2:$C$99, 0 ) ), 0 )} -> 380000
A71: X (Twitter) | C71: 10 | E71: 0 | G71: =C71+E71 -> 10 | I71: {=IFNA( C71 * INDEX( creator_rate!$D$2:$D$99, MATCH( A71&"|"&$C$106&"|"&$C$63, creator_rate!$A$2:$A$99&"|"& creator_rate!$B$2:$B$99&"|"& creator_rate!$C$2:$C$99, 0 ) ), 0 ) + IFNA( E71 * INDEX( creator_rate!$D$2:$D$99, MATCH( A71&"|"&$E$106&"|"&$C$63, creator_rate!$A$2:$A$99&"|"& creator_rate!$B$2:$B$99&"|"& creator_rate!$C$2:$C$99, 0 ) ), 0 )} -> 150000
A73: YouTube | C73: 0 | E73: 1 | G73: =C73+E73 -> 1 | I73: {=IFNA( C73 * INDEX( creator_rate!$D$2:$D$99, MATCH( A73&"|"&$C$106&"|"&$C$63, creator_rate!$A$2:$A$99&"|"& creator_rate!$B$2:$B$99&"|"& creator_rate!$C$2:$C$99, 0 ) ), 0 ) + IFNA( E73 * INDEX( creator_rate!$D$2:$D$99, MATCH( A73&"|"&$E$106&"|"&$C$63, creator_rate!$A$2:$A$99&"|"& creator_rate!$B$2:$B$99&"|"& creator_rate!$C$2:$C$99, 0 ) ), 0 )} -> 76000
A75: Total | C75: =sum(C65:C73) -> 14 | E75: =sum(E65:E73) -> 14 | G75: =sum(G65:G73) -> 28 | I75: =sum(I65:I73) -> 1410000
A77: Tier | C77: Mid-tier
A78: Platform | C78: Static/General Post | E78: Video Post | G78: Total Post | I78: Value in ฿
A79: Facebook | C79: 1 | E79: 6 | G79: =C79+E79 -> 7 | I79: {=IFNA( C79 * INDEX( creator_rate!$D$2:$D$99, MATCH( A79&"|"&$C$106&"|"&$C$77, creator_rate!$A$2:$A$99&"|"& creator_rate!$B$2:$B$99&"|"& creator_rate!$C$2:$C$99, 0 ) ), 0 ) + IFNA( E79 * INDEX( creator_rate!$D$2:$D$99, MATCH( A79&"|"&$E$106&"|"&$C$77, creator_rate!$A$2:$A$99&"|"& creator_rate!$B$2:$B$99&"|"& creator_rate!$C$2:$C$99, 0 ) ), 0 )} -> 1223000
A81: Instagram | C81: 3 | E81: 2 | G81: =C81+E81 -> 5 | I81: {=IFNA( C81 * INDEX( creator_rate!$D$2:$D$99, MATCH( A81&"|"&$C$106&"|"&$C$77, creator_rate!$A$2:$A$99&"|"& creator_rate!$B$2:$B$99&"|"& creator_rate!$C$2:$C$99, 0 ) ), 0 ) + IFNA( E81 * INDEX( creator_rate!$D$2:$D$99, MATCH( A81&"|"&$E$106&"|"&$C$77, creator_rate!$A$2:$A$99&"|"& creator_rate!$B$2:$B$99&"|"& creator_rate!$C$2:$C$99, 0 ) ), 0 )} -> 661000
A83: TikTok | C83: 0 | E83: 5 | G83: =C83+E83 -> 5 | I83: {=IFNA( C83 * INDEX( creator_rate!$D$2:$D$99, MATCH( A83&"|"&$C$106&"|"&$C$77, creator_rate!$A$2:$A$99&"|"& creator_rate!$B$2:$B$99&"|"& creator_rate!$C$2:$C$99, 0 ) ), 0 ) + IFNA( E83 * INDEX( creator_rate!$D$2:$D$99, MATCH( A83&"|"&$E$106&"|"&$C$77, creator_rate!$A$2:$A$99&"|"& creator_rate!$B$2:$B$99&"|"& creator_rate!$C$2:$C$99, 0 ) ), 0 )} -> 940000
A85: X (Twitter) | C85: 10 | E85: 0 | G85: =C85+E85 -> 10 | I85: {=IFNA( C85 * INDEX( creator_rate!$D$2:$D$99, MATCH( A85&"|"&$C$106&"|"&$C$77, creator_rate!$A$2:$A$99&"|"& creator_rate!$B$2:$B$99&"|"& creator_rate!$C$2:$C$99, 0 ) ), 0 ) + IFNA( E85 * INDEX( creator_rate!$D$2:$D$99, MATCH( A85&"|"&$E$106&"|"&$C$77, creator_rate!$A$2:$A$99&"|"& creator_rate!$B$2:$B$99&"|"& creator_rate!$C$2:$C$99, 0 ) ), 0 )} -> 300000
A87: YouTube | C87: 0 | E87: 1 | G87: =C87+E87 -> 1 | I87: {=IFNA( C87 * INDEX( creator_rate!$D$2:$D$99, MATCH( A87&"|"&$C$106&"|"&$C$77, creator_rate!$A$2:$A$99&"|"& creator_rate!$B$2:$B$99&"|"& creator_rate!$C$2:$C$99, 0 ) ), 0 ) + IFNA( E87 * INDEX( creator_rate!$D$2:$D$99, MATCH( A87&"|"&$E$106&"|"&$C$77, creator_rate!$A$2:$A$99&"|"& creator_rate!$B$2:$B$99&"|"& creator_rate!$C$2:$C$99, 0 ) ), 0 )} -> 188000
A89: Total | C89: =sum(C79:C87) -> 14 | E89: =sum(E79:E87) -> 14 | G89: =sum(G79:G87) -> 28 | I89: =sum(I79:I87) -> 3312000
A91: Tier | C91: Macro
A92: Platform | C92: Static/General Post | E92: Video Post | G92: Total Post | I92: Value in ฿
A93: Facebook | C93: 1 | E93: 6 | G93: =C93+E93 -> 7 | I93: {=IFNA( C93 * INDEX( creator_rate!$D$2:$D$99, MATCH( A93&"|"&$C$106&"|"&$C$91, creator_rate!$A$2:$A$99&"|"& creator_rate!$B$2:$B$99&"|"& creator_rate!$C$2:$C$99, 0 ) ), 0 ) + IFNA( E93 * INDEX( creator_rate!$D$2:$D$99, MATCH( A93&"|"&$E$106&"|"&$C$91, creator_rate!$A$2:$A$99&"|"& creator_rate!$B$2:$B$99&"|"& creator_rate!$C$2:$C$99, 0 ) ), 0 )} -> 1868000
A95: Instagram | C95: 3 | E95: 2 | G95: =C95+E95 -> 5 | I95: {=IFNA( C95 * INDEX( creator_rate!$D$2:$D$99, MATCH( A95&"|"&$C$106&"|"&$C$91, creator_rate!$A$2:$A$99&"|"& creator_rate!$B$2:$B$99&"|"& creator_rate!$C$2:$C$99, 0 ) ), 0 ) + IFNA( E95 * INDEX( creator_rate!$D$2:$D$99, MATCH( A95&"|"&$E$106&"|"&$C$91, creator_rate!$A$2:$A$99&"|"& creator_rate!$B$2:$B$99&"|"& creator_rate!$C$2:$C$99, 0 ) ), 0 )} -> 1124000
A97: TikTok | C97: 0 | E97: 5 | G97: =C97+E97 -> 5 | I97: {=IFNA( C97 * INDEX( creator_rate!$D$2:$D$99, MATCH( A97&"|"&$C$106&"|"&$C$91, creator_rate!$A$2:$A$99&"|"& creator_rate!$B$2:$B$99&"|"& creator_rate!$C$2:$C$99, 0 ) ), 0 ) + IFNA( E97 * INDEX( creator_rate!$D$2:$D$99, MATCH( A97&"|"&$E$106&"|"&$C$91, creator_rate!$A$2:$A$99&"|"& creator_rate!$B$2:$B$99&"|"& creator_rate!$C$2:$C$99, 0 ) ), 0 )} -> 1400000
A99: X (Twitter) | C99: 10 | E99: 0 | G99: =C99+E99 -> 10 | I99: {=IFNA( C99 * INDEX( creator_rate!$D$2:$D$99, MATCH( A99&"|"&$C$106&"|"&$C$91, creator_rate!$A$2:$A$99&"|"& creator_rate!$B$2:$B$99&"|"& creator_rate!$C$2:$C$99, 0 ) ), 0 ) + IFNA( E99 * INDEX( creator_rate!$D$2:$D$99, MATCH( A99&"|"&$E$106&"|"&$C$91, creator_rate!$A$2:$A$99&"|"& creator_rate!$B$2:$B$99&"|"& creator_rate!$C$2:$C$99, 0 ) ), 0 )} -> 400000
A101: YouTube | C101: 0 | E101: 1 | G101: =C101+E101 -> 1 | I101: {=IFNA( C101 * INDEX( creator_rate!$D$2:$D$99, MATCH( A101&"|"&$C$106&"|"&$C$91, creator_rate!$A$2:$A$99&"|"& creator_rate!$B$2:$B$99&"|"& creator_rate!$C$2:$C$99, 0 ) ), 0 ) + IFNA( E101 * INDEX( creator_rate!$D$2:$D$99, MATCH( A101&"|"&$E$106&"|"&$C$91, creator_rate!$A$2:$A$99&"|"& creator_rate!$B$2:$B$99&"|"& creator_rate!$C$2:$C$99, 0 ) ), 0 )} -> 280000
A103: Total | C103: =sum(C93:C101) -> 14 | E103: =sum(E93:E101) -> 14 | G103: =sum(G93:G101) -> 28 | I103: =sum(I93:I101) -> 5072000
A105: Tier | C105: Mega
A106: Platform | C106: Static/General Post | E106: Video Post | G106: Total Post | I106: Value in ฿
A107: Facebook | C107: 1 | E107: 6 | G107: =C107+E107 -> 7 | I107: {=IFNA( C107 * INDEX( creator_rate!$D$2:$D$99, MATCH( A107&"|"&$C$106&"|"&$C$105, creator_rate!$A$2:$A$99&"|"& creator_rate!$B$2:$B$99&"|"& creator_rate!$C$2:$C$99, 0 ) ), 0 ) + IFNA( E107 * INDEX( creator_rate!$D$2:$D$99, MATCH( A107&"|"&$E$106&"|"&$C$105, creator_rate!$A$2:$A$99&"|"& creator_rate!$B$2:$B$99&"|"& creator_rate!$C$2:$C$99, 0 ) ), 0 )} -> 2062000
A109: Instagram | C109: 3 | E109: 2 | G109: =C109+E109 -> 5 | I109: {=IFNA( C109 * INDEX( creator_rate!$D$2:$D$99, MATCH( A109&"|"&$C$106&"|"&$C$105, creator_rate!$A$2:$A$99&"|"& creator_rate!$B$2:$B$99&"|"& creator_rate!$C$2:$C$99, 0 ) ), 0 ) + IFNA( E109 * INDEX( creator_rate!$D$2:$D$99, MATCH( A109&"|"&$E$106&"|"&$C$105, creator_rate!$A$2:$A$99&"|"& creator_rate!$B$2:$B$99&"|"& creator_rate!$C$2:$C$99, 0 ) ), 0 )} -> 1830000
A111: TikTok | C111: 0 | E111: 5 | G111: =C111+E111 -> 5 | I111: {=IFNA( C111 * INDEX( creator_rate!$D$2:$D$99, MATCH( A111&"|"&$C$106&"|"&$C$105, creator_rate!$A$2:$A$99&"|"& creator_rate!$B$2:$B$99&"|"& creator_rate!$C$2:$C$99, 0 ) ), 0 ) + IFNA( E111 * INDEX( creator_rate!$D$2:$D$99, MATCH( A111&"|"&$E$106&"|"&$C$105, creator_rate!$A$2:$A$99&"|"& creator_rate!$B$2:$B$99&"|"& creator_rate!$C$2:$C$99, 0 ) ), 0 )} -> 1485000
A113: X (Twitter) | C113: 10 | E113: 0 | G113: =C113+E113 -> 10 | I113: {=IFNA( C113 * INDEX( creator_rate!$D$2:$D$99, MATCH( A113&"|"&$C$106&"|"&$C$105, creator_rate!$A$2:$A$99&"|"& creator_rate!$B$2:$B$99&"|"& creator_rate!$C$2:$C$99, 0 ) ), 0 ) + IFNA( E113 * INDEX( creator_rate!$D$2:$D$99, MATCH( A113&"|"&$E$106&"|"&$C$105, creator_rate!$A$2:$A$99&"|"& creator_rate!$B$2:$B$99&"|"& creator_rate!$C$2:$C$99, 0 ) ), 0 )} -> 500000
A115: YouTube | C115: 0 | E115: 1 | G115: =C115+E115 -> 1 | I115: {=IFNA( C115 * INDEX( creator_rate!$D$2:$D$99, MATCH( A115&"|"&$C$106&"|"&$C$105, creator_rate!$A$2:$A$99&"|"& creator_rate!$B$2:$B$99&"|"& creator_rate!$C$2:$C$99, 0 ) ), 0 ) + IFNA( E115 * INDEX( creator_rate!$D$2:$D$99, MATCH( A115&"|"&$E$106&"|"&$C$105, creator_rate!$A$2:$A$99&"|"& creator_rate!$B$2:$B$99&"|"& creator_rate!$C$2:$C$99, 0 ) ), 0 )} -> 495000
A117: Total | C117: =sum(C107:C115) -> 14 | E117: =sum(E107:E115) -> 14 | G117: =sum(G107:G115) -> 28 | I117: =sum(I107:I115) -> 6372000
A119: III. COMMUNITY ECHO
A120: Platform | C120: Content Creation (New Posts, Videos) | E120: Passive Engagement (Likes, Reactions) | G120: Active Engagement (Comments, Replies) | I120: Amplification (Shares, Retweets) | K120: Value in ฿
A121: Facebook | C121: 5 | E121: 3000 | G121: 300 | I121: 100 | K121: {=SUMPRODUCT( {C121,E121,G121,I121}, VLOOKUP($A121, cpe!$A$1:$E$6, {2,3,4,4}, FALSE) )} -> 16975
A123: Instagram | C123: 3 | E123: 5000 | G123: 50 | I123: 250 | K123: {=SUMPRODUCT( {C123,E123,G123,I123}, VLOOKUP($A123, cpe!$A$1:$E$6, {2,3,4,4}, FALSE) )} -> 29125
A125: TikTok | C125: 0 | E125: 4000 | G125: 60 | I125: 450 | K125: {=SUMPRODUCT( {C125,E125,G125,I125}, VLOOKUP($A125, cpe!$A$1:$E$6, {2,3,4,4}, FALSE) )} -> 14845
A127: X (Twitter) | C127: 10 | E127: 2000 | G127: 70 | I127: 400 | K127: {=SUMPRODUCT( {C127,E127,G127,I127}, VLOOKUP($A127, cpe!$A$1:$E$6, {2,3,4,4}, FALSE) )} -> 18830
A129: YouTube | C129: 0 | E129: 1000 | G129: 100 | I129: 100 | K129: {=SUMPRODUCT( {C129,E129,G129,I129}, VLOOKUP($A129, cpe!$A$1:$E$6, {2,3,4,4}, FALSE) )} -> 6000
A131: Total | C131: =sum(C121:C129) -> 18 | E131: =sum(E121:E129) -> 15000 | G131: =sum(G121:G129) -> 580 | I131: =sum(I121:I129) -> 1300

Sheet media_tier
A1: Category | B1: Type | C1: Tier | D1: Criteria | E1: Tier Value (Advertising Rate) (฿)
A2: Online Article | B2: Major national media | C2: 1 | D2: To be defined (e.g., Major National News) | E2: 60000
A3: Online Article | B3: Industry-specific | C3: 2 | D3: To be defined (e.g., Industry-Specific Media) | E3: 30000
A4: Online Article | B4: Local/niche | C4: 3 | D4: To be defined (e.g., Niche Blogs, Local News) | E4: 15000
A5: Social Media | B5: 1 | C5: 1 | D5: >=100,000 Followers | E5: 60000
A6: Social Media | B6: 2 | C6: 2 | D6: 30,000-99,999 Followers | E6: 30000
A7: Social Media | B7: 3 | C7: 3 | D7: <30,000 Followers | E7: 15000

Sheet creator_rate
A1: Platform | B1: Type | C1: Tier | D1: Rate
A2: Instagram | B2: Static/General Post | C2: Mega | D2: 280000
A3: Instagram | B3: Video Post | C3: Mega | D3: 495000
A4: TikTok | B4: Video Post | C4: Mega | D4: 297000
A5: Facebook | B5: Static/General Post | C5: Mega | D5: 280000
A6: Facebook | B6: Video Post | C6: Mega | D6: 297000
A7: YouTube | B7: Video Post | C7: Mega | D7: 495000
A8: X (Twitter) | B8: Static/General Post | C8: Mega | D8: 50000
A9: Lemon 8 | B9: Static/General Post | C9: Mega | D9: 50000
A10: Instagram | B10: Static/General Post | C10: Macro | D10: 188000
A11: Instagram | B11: Video Post | C11: Macro | D11: 280000
A12: TikTok | B12: Video Post | C12: Macro | D12: 280000
A13: Facebook | B13: Static/General Post | C13: Macro | D13: 188000
... A41: Lemon 8 | B41: Static/General Post | C41: Nano | D41: 5000

Sheet cpe
A1: Platform | B1: Content Creation (New Posts, Videos) | C1: Passive Engagement (Likes, Reactions) | D1: Active Engagement (Comments, Replies) | E1: Amplification (Shares, Retweets)
A2: Facebook | B2: 525 | C2: 3.25 | D2: 11.5 | E2: 27.5
A3: Instagram | B3: 875 | C3: 4.25 | D3: 17.5 | E3: 37.5
A4: TikTok | B4: 600 | C4: 2.5 | D4: 9.5 | E4: 40
A5: X (Twitter) | B5: 425 | C5: 4 | D5: 14 | E5: 32.5
A6: YouTube | B6: 0 | C6: 3 | D6: 15 | E6: 0
